{"cameraMode":{"drawMode":0,"name":"Shaded","section":"Shading Mode"},"sceneLighting":false,"audioPlay":false,"sceneViewState":{"m_AlwaysRefresh":false,"showFog":true,"showSkybox":false,"showFlares":true,"showImageEffects":true,"showParticleSystems":true,"showVisualEffectGraphs":true,"m_FxEnabled":true},"in2DMode":false,"pivot":{"x":-0.17679829895496369,"y":0.14854145050048829,"z":0.36921432614326479},"rotation":{"x":-0.6352500915527344,"y":0.3157372772693634,"z":-0.3191777169704437,"w":-0.628413200378418},"size":0.7071130275726318,"orthographic":false}