{"cameraMode":{"drawMode":0,"name":"Shaded","section":"Shading Mode"},"sceneLighting":false,"audioPlay":false,"sceneViewState":{"m_AlwaysRefresh":false,"showFog":true,"showSkybox":false,"showFlares":true,"showImageEffects":true,"showParticleSystems":true,"showVisualEffectGraphs":true,"m_FxEnabled":true},"in2DMode":false,"pivot":{"x":-0.0000011026859283447266,"y":0.9377516508102417,"z":0.01999613642692566},"rotation":{"x":-0.4739815592765808,"y":0.003167691407725215,"z":-0.0017050286987796426,"w":-0.8805288672447205},"size":1.1032181978225709,"orthographic":false}