{"cameraMode":{"drawMode":0,"name":"Shaded","section":"Shading Mode"},"sceneLighting":true,"audioPlay":false,"sceneViewState":{"m_AlwaysRefresh":false,"showFog":true,"showSkybox":true,"showFlares":true,"showImageEffects":true,"showParticleSystems":true,"showVisualEffectGraphs":true,"m_FxEnabled":true},"in2DMode":false,"pivot":{"x":5.238913536071777,"y":2.7302134037017824,"z":-1.4312689304351807},"rotation":{"x":0.012410715222358704,"y":0.02175860106945038,"z":-0.0002888060989789665,"w":0.9996896386146545},"size":0.8660253882408142,"orthographic":false}